{
  "mean_ndcg": 0.9265223171531037,
  "mean_mrr": 0.97,
  "mean_recall": 1.0,
  "mean_precision": 0.868,
  "mean_f1": 0.9214285714285714,
  "mean_score": 0.7306666666666668,
  "std_score": 0.2639730625987769
}